<?xml version="1.0" encoding="UTF-8" standalone="yes"?>
<addon id="plugin.video.LiveTV" name="Live!t TV" provider-name="Live!t TV" version="3.2.3">
  <requires>
    <import addon="xbmc.python" version="2.19.0"/>
	<import addon="script.module.t0mm0.common" version="1.0.0"/>
  <import addon="script.module.beautifulsoup4" version="4.3.2"/>
	<import addon="script.module.urlresolver" version="1.0.5"/>
  </requires>
  <extension point="xbmc.python.pluginsource" library="defaut.py">
    <provides>video</provides>
  </extension>
  <extension point="xbmc.addon.metadata">
    <summary lang="en">Live!t TV</summary>
    <description lang="en">Addon para todos os membros do grupo Live!t TV. 

	Espero que gostem e disfrutem.
	
	Realizado por: Administrador (J.R), participacao de Helder Azevedo.
	
	Sempre Atualizado 24 horas por dia.
	</description>
	<language>pt</language>
    <platform>all</platform>
    <license></license>
    <forum></forum>
    <website></website>
    <email></email>
    <source></source>
  </extension>
</addon>
