<?xml version="1.0" encoding="UTF-8" standalone="yes"?>
<addon id="plugin.video.LiveTV-2.1" name="Live!t TV" provider-name="Live!t TV" version="1.2.1">
  <requires>
    <import addon="xbmc.python" version="2.14.0"/>
	<import addon="script.module.t0mm0.common" version="1.0.0"/>
  </requires>
  <extension point="xbmc.python.pluginsource" library="defaut.py">
    <provides>video</provides>
  </extension>
  <extension point="xbmc.addon.metadata">
    <summary lang="en">Live!t TV</summary>
    <description lang="en">Addon para todos os membros do grupo Live!t TV. 

	Espero que gostem e disfrutem.
	
	Realizado por: Administrador (J.R), participação de Hélder Azevedo.
	
	Sempre Atualizado 24 horas por dia.
	</description>
	<disclaimer lang="en">Como desenvolvedores do addon, nada temos a haver com os links disponibilizados. Limitimo-nos a ler o seu conteúdo disponibilizado e converter em addon.</disclaimer>
	<language>pt</language>
    <platform>all</platform>
    <license></license>
    <forum></forum>
    <website></website>
    <email></email>
    <source></source>
  </extension>
</addon>
