<?xml version="1.0" encoding="UTF-8"?>
<addon
  id="plugin.video.LiveitWeb"
  version="1.0.0"
  name="Live!t TV Web"
  provider-name="Live!t TV Web">
  <requires>
   <import addon="xbmc.python" version="2.14.0"/>
   <import addon="script.module.simplejson" />
   <import addon="script.module.six" />
   <import addon="script.module.requests" />
   <import addon="script.module.livestreamer" />
   <import addon="script.module.pydevd" version="4.4.0" optional="true"/>
  </requires>
  <extension 
    point="xbmc.python.pluginsource"
    library="default.py">
   <provides>video</provides>
  </extension>
  <extension point="xbmc.addon.metadata">
    <summary>Utilização única e exclusica do addon Live!t-TV</summary>
    <description>Utilização única e exclusica do addon Live!t-TV</description>
    <license>Utilização única e exclusica do addon Live!t-TV</license>
    <platform>all</platform>
  </extension>
</addon>
