<?xml version="1.0" encoding="UTF-8" standalone="yes"?>
<addon id="plugin.program.iliveit" name="Instalador Live!t" provider-name="Live!t" version="1.2.7">
  <requires>
    <import addon="xbmc.python" version="2.14.0"/>
	<import addon="script.module.t0mm0.common" version="1.0.0"/>
  </requires>
  <extension point="xbmc.python.pluginsource" library="default.py">
        <provides>program executable</provides>
  </extension>
  <extension point="xbmc.addon.metadata">
    <summary lang="en">Live!t</summary>
    <description lang="en">Instalador criado para ser mais facil a todos a instalacao do Addon e Repositorio Live!t</description>
	<language>pt</language>
    <platform>all</platform>
    <license></license>
    <website>https://www.facebook.com/liveitkodi/</website>
    <email>liveitkodi@gmail.com</email>
    <source></source>
  </extension>
</addon>
