<?xml version="1.0" encoding="UTF-8" standalone="yes"?>
<addon id="plugin.video.LiveTV" name="Live!t TV" provider-name="Live!t TV" version="5.2.2">
  <requires>
    <import addon="xbmc.python" version="2.19.0"/>
	<import addon="script.module.t0mm0.common" version="1.0.0"/>
  </requires>
  <extension point="xbmc.python.pluginsource" library="defaut.py">
    <provides>video</provides>
  </extension>
  <extension point="xbmc.addon.metadata">
    <summary lang="en">Live!t TV</summary>
    <description lang="en">Addon para todos os membros do grupo Live!t TV.
	Espero que gostem e disfrutem.
	Realizado por: Administrador (J.R).
	Sempre Atualizado 24 horas por dia.
	
	Os programadores deste addon nada tem a ver com os links disponibilizados.
	Limitamo-nos a ler o seu conteudo dos links e disponibiliza-lo.

	</description>
	<language>pt</language>
    <platform>all</platform>
    <license></license>
    <forum>http://www.pcteckserv.com/Forum/</forum>
    <website>https://www.facebook.com/groups/LIVEITTV/</website>
    <email></email>
    <source></source>
  </extension>
</addon>
